John,4.49
Alonzo,4.526666666666666
Greece,4.543333333333333
